larval_ID,pop_origin,photoperiod,full_treatment,5th_day,blocking_day,development_time,larval_mass,pupal_mass,sex,Experiment_Notes,percent_R,percent_G,percent_B,gray_R,gray_G,gray_B,darkness_G,initials
AZ101,AZ,10,AZ10,10/14,10/21,7,4.322,,,did not pupate,45.806,45.124,47.935,12.374,11.963,10.971,17.037,EB
AZ102,AZ,10,AZ10,10/15,10/23,8,5.1131,2.9647,F,,80.089,80.162,82.034,8.618,8.878,8.065,20.122,EB
AZ103,AZ,10,AZ10,10/15,10/24,9,2.6777,,,did not pupate,86.212,86.489,88.466,8.967,9.246,8.456,19.754,EB
AZ104,AZ,10,AZ10,10/15,10/22,7,4.2921,2.6803,F,,62.352,61.905,64.908,11.162,11.298,10.588,17.702,EB
AZ105,AZ,10,AZ10,10/17,10/24,7,4.5953,3.1802,F,,72.95,73.215,75.696,9.543,9.479,8.087,19.521,EB
AZ106,AZ,10,AZ10,10/18,10/24,6,4.2644,2.6635,M,,65.943,65.335,67.94,10.032,9.98,8.948,19.02,EB
AZ107,AZ,10,AZ10,10/18,10/26,8,2.957,2.3776,M,,64.706,64.938,69.117,8.081,8.033,7.111,20.967,EB
AZ108,AZ,10,AZ10,10/19,10/26,7,5.5798,2.3619,M,,73.687,72.52,75.336,8.398,8.214,7.29,20.786,EB
AZ109,AZ,10,AZ10,10/19,10/27,8,3.979,2.9601,F,,77.816,78.05,80.37,9.338,9.314,8.163,19.686,EB
AZ110,AZ,10,AZ10,10/19,10/26,7,3.161,2.8039,M,,19.781,20.16,23.364,13.814,13.414,11.786,15.586,EB
AZ111,AZ,10,AZ10,10/19,10/27,8,4.2657,3.4253,F,,55.548,55.351,59.413,11.3,11.142,10.181,17.858,EB
AZ112,AZ,10,AZ10,10/19,10/27,8,3.5252,2.336,M,,69.414,69.749,72.164,10.086,9.878,8.626,19.122,EB
AZ113,AZ,10,AZ10,10/20,10/27,7,3.8116,2.6267,F,,56.274,54.836,59.718,8.454,7.935,7.532,21.065,EB
AZ114,AZ,10,AZ10,10/20,10/27,7,5.4871,3.7228,F,,78.359,78.668,81.042,9.354,9.32,8.36,19.68,EB
AZ115,AZ,10,AZ10,10/20,10/28,8,4.491,3.5049,F,,64.782,64.942,68.839,9.356,9.05,8.357,19.95,EB
AZ116,AZ,10,AZ10,10/21,10/28,7,3.3477,2.0154,M,,83.342,83.558,85.807,8.09,8.04,7.29,20.96,EB
AZ117,AZ,10,AZ10,10/21,10/29,8,2.822,3.0178,F,,68.443,69.511,73.869,9.142,9.008,8.351,19.992,EB
AZ118,AZ,10,AZ10,10/22,10/29,7,3.766,2.4608,M,,54.936,53.68,57.786,10.01,9.794,9.957,19.206,EB
AZ119,AZ,10,AZ10,10/22,10/29,7,5.0862,3.3925,F,,80.047,79.852,83.279,6.577,6.685,5.931,22.315,EB
AZ120,AZ,10,AZ10,10/22,10/29,7,5.5317,3.1193,M,,50.339,49.942,53.425,7.34,7.371,6.805,21.629,EB
AZ121,AZ,10,AZ10,10/25,11/2,8,5.825,3.9752,F,,57.646,56.504,62.441,7.669,7.115,7.327,21.885,EB
AZ122,AZ,10,AZ10,10/22,10/29,7,4.8988,3.7187,F,,48.73,48.729,54.767,8.374,8.298,8.255,20.702,EB
AZ123,AZ,10,AZ10,10/23,10/30,7,4.5184,3.2268,F,,53.127,52.313,55.829,7.949,7.606,6.923,21.394,EB
AZ124,AZ,10,AZ10,10/23,11/2,10,1.7159,2.8603,F,Photo one day late,43.44,44.176,52.935,8.503,8.426,9.387,20.574,EB
AZ125,AZ,10,AZ10,10/23,10/31,8,3.7354,2.5517,M,Photo one day late,56.98,57.115,62.663,9.362,9.423,8.425,19.577,EB
AZ126,AZ,10,AZ10,10/25,11/1,7,5.6021,3.7057,F,,54.493,48.681,53.472,8.942,6.97,7.228,22.03,EB
AZ127,AZ,10,AZ10,10/26,11/1,6,4.7112,2.7293,M,,46.414,44.769,49.093,6.531,5.816,5.913,23.184,EB
AZ128,AZ,10,AZ10,10/26,11/2,7,4.528,3.7448,F,,29.126,28.841,33.401,9.853,9.694,9.223,19.306,AC
AZ129,AZ,10,AZ10,10/27,11/2,6,4.2946,2.3273,M,,70.33,70.552,74.463,11.226,11.066,9.757,17.934,AC
AZ130,AZ,10,AZ10,10/28,11/3,6,5.0137,2.6662,F,,65.452,63.245,67.286,9.602,9.158,8.546,19.842,AC
AZ131,AZ,10,AZ10,10/28,11/4,7,5.4474,2.9818,M,,59.349,59.426,63.79,7.369,7.388,6.446,21.612,AC
AZ132,AZ,10,AZ10,10/28,11/4,7,4.5788,,,did not pupate,55.026,54.406,57.574,6.756,6.521,5.968,22.479,AC
AZ133,AZ,10,AZ10,10/28,11/5,8,3.483,2.2242,M,photo one day late,60.054,56.998,64.155,8.603,7.898,8.06,21.102,AC
AZ134,AZ,10,AZ10,10/28,11/5,8,4.6612,3.4636,F,,69.929,67.57,72.979,7.593,6.976,6.676,22.024,AC
AZ135,AZ,10,AZ10,10/28,11/4,7,5.2392,3.0148,M,,57.833,56.3876,60.231,7.844,7.408,6.894,21.592,AC
AZ136,AZ,10,AZ10,10/28,11/4,7,5.5693,3.4226,F,,42.863,40.597,44.434,8.965,8.315,7.87,20.685,AC
AZ137,AZ,10,AZ10,10/29,11/5,7,6.0503,3.8822,F,,71.3,71.121,76.413,8.931,8.994,8.343,20.006,AC
AZ138,AZ,10,AZ10,10/29,11/5,7,5.3284,2.9251,M,,56.251,55.753,59.037,8.378,8.568,7.8,20.432,AC
AZ139,AZ,10,AZ10,10/29,11/6,8,6.8291,4.2768,F,,54.03,53.235,55.92,8.115,7.982,7.014,21.018,AC
AZ140,AZ,10,AZ10,10/29,11/5,7,5.1698,2.9365,M,,35.431,34.178,36.556,9.54,9.06,8.253,19.94,AC
AZ141,AZ,10,AZ10,10/29,11/5,7,5.6477,3.3525,M,,71.195,70.469,73.521,7.12,7.199,6.536,21.801,AC
AZ142,AZ,10,AZ10,10/29,11/5,7,6.0365,3.4428,F,,55.725,55.937,59.995,8.446,8.445,7.795,20.555,AC
AZ143,AZ,10,AZ10,10/29,11/6,8,6.6661,3.9494,F,,64.042,63.298,66.375,8.994,8.685,7.956,20.315,AC
AZ144,AZ,10,AZ10,10/29,11/5,7,4.5569,2.8477,M,,39.437,38.516,41.553,8.951,8.664,7.979,20.336,AC
AZ145,AZ,10,AZ10,10/29,11/6,8,5.6477,4.2173,F,,61.58,61.542,64.754,8.502,8.357,7.801,20.643,AC
AZ146,AZ,10,AZ10,10/29,11/6,8,4.5959,3.7426,F,,59.522,59.551,63.448,7.903,7.776,7.172,21.224,AC
AZ147,AZ,10,AZ10,10/29,11/6,8,4.8476,3.1814,M,,78.148,77.965,80.808,7.555,7.603,6.89,21.397,AC
AZ148,AZ,10,AZ10,10/29,11/5,7,4.2548,2.8883,M,,75.321,75.117,78.16,9.265,9.188,8.33,19.812,AC
AZ149,AZ,10,AZ10,10/29,11/5,7,4.07,2.3695,M,,56.349,53.942,56.857,8.341,7.767,7.197,21.233,AC
AZ150,AZ,10,AZ10,10/30,11/6,7,6.7324,4.1089,F,,62.927,61.808,65.04,9.396,9.065,8.241,19.935,AC
AZ151,AZ,10,AZ10,10/30,11/5,6,5.0319,2.9534,M,,77.023,76.922,79.571,7.432,7.462,6.849,21.538,AC
AZ152,AZ,10,AZ10,10/30,11/6,7,7.1608,4.2322,F,,63.592,61.214,64.137,8.502,7.778,7.204,21.222,AC
AZ153,AZ,10,AZ10,10/30,11/6,7,4.6171,2.7169,M,,38.618,35.663,39.612,10.59,9.266,8.926,19.734,AC
AZ154,AZ,10,AZ10,10/30,11/8,9,3.3421,2.2729,M,,76.078,76.986,81.62,6.249,6.548,6.191,22.452,AC
AZ201,AZ,12,AZ12,10/15,10/23,8,4.7956,2.9654,,,79.893,79.919,81.73,8.542,8.801,7.99,20.199,EB
AZ202,AZ,12,AZ12,10/15,10/21,6,4.3994,2.2625,M,,59.804,57.802,61.699,12.665,12.476,11.734,16.524,EB
AZ203,AZ,12,AZ12,10/15,10/22,7,3.5242,3.3638,F,,67.216,67.402,70.932,10.4,10.518,9.937,18.482,EB
AZ204,AZ,12,AZ12,10/16,10/23,7,5.4498,3.2116,F,,62.225,61.915,65.438,11.262,11.373,10.667,17.627,EB
AZ205,AZ,12,AZ12,10/16,10/23,7,4.2069,2.4121,M,,62.609,62.718,66.128,12.231,12.236,11.426,16.764,EB
AZ206,AZ,12,AZ12,10/17,10/25,8,5.1198,3.6551,F,,68.868,65.807,69.361,8.115,7.62,7.087,21.38,EB
AZ207,AZ,12,AZ12,10/17,10/24,7,5.2869,3.0945,M,,41.497,39.545,44.238,10.633,10.171,9.875,18.829,EB
AZ208,AZ,12,AZ12,10/17,10/25,8,5.3067,3.7891,F,,66.638,66.353,72.811,9.63,9.534,9.076,19.466,EB
AZ209,AZ,12,AZ12,10/19,10/26,7,4.8604,2.8152,F,,65.973,66.412,70.024,9.964,9.796,8.785,19.204,EB
AZ210,AZ,12,AZ12,10/19,10/27,8,4.6095,3.4173,F,,31.965,32.228,36.064,11.745,11.301,10.14,17.699,EB
AZ211,AZ,12,AZ12,10/20,10/27,7,5.0921,3.4645,F,,72.126,72.03,75.34,8.791,8.516,7.692,20.484,EB
AZ212,AZ,12,AZ12,10/20,10/27,7,4.5223,3.0478,M,,67.11,66.793,70.585,8.659,8.316,7.546,20.684,EB
AZ213,AZ,12,AZ12,10/20,10/27,7,4.0792,2.7189,M,,33.599,33.056,38.747,11.465,10.853,10.588,18.147,EB
AZ214,AZ,12,AZ12,10/20,10/28,8,3.5138,2.3391,F,,70.343,70.165,72.389,10.41,10.205,8.963,18.795,EB
AZ215,AZ,12,AZ12,10/22,10/29,7,3.3822,2.3639,M,,40.763,40.749,45.308,10.139,9.842,8.83,19.158,EB
AZ216,AZ,12,AZ12,10/23,10/30,7,4.6549,3.2822,F,,63.428,64.031,69.282,9.235,8.963,8.311,20.037,EB
AZ217,AZ,12,AZ12,10/23,10/31,8,3.8271,2.6302,M,,64.756,65.631,70.23,9.943,9.719,9.002,19.281,EB
AZ218,AZ,12,AZ12,10/25,11/1,7,5.1382,3.675,F,,61.163,61.783,65.276,7.028,7.072,6.437,21.928,EB
AZ219,AZ,12,AZ12,10/25,11/1,7,6.9649,3.9609,F,,67.577,64.001,68.847,8.199,7.514,7.353,21.486,EB
AZ220,AZ,12,AZ12,10/26,11/2,7,4.9967,2.9426,M,,61.932,58.598,61.45,7.804,6.948,6.331,22.052,EB
AZ221,AZ,12,AZ12,10/26,11/2,7,5.9429,3.1392,F,,71.869,69.173,72.6,7.716,7.429,6.955,21.571,EB
AZ222,AZ,12,AZ12,10/26,11/1,6,4.7027,2.8861,M,,65.697,66.081,70.901,8.206,8.247,7.578,20.753,EB
AZ223,AZ,12,AZ12,10/26,11/5,10,5.8932,4.2121,F,,74.656,73.034,76.81,6.861,6.622,6.276,22.378,EB
AZ224,AZ,12,AZ12,10/27,11/2,6,4.8569,,,did not pupate/ severe deformity,60.01,59.411,63.555,10.49,10.15,9.56,18.85,EB
AZ225,AZ,12,AZ12,10/27,11/4,8,4.6045,3.002,M,,61.587,61.451,65.547,8.573,8.489,7.787,20.511,EB
AZ226,AZ,12,AZ12,10/27,11/3,7,4.799,2.7346,M,,61.816,61.231,63.391,8.566,8.21,7.12,20.79,EB
AZ227,AZ,12,AZ12,10/27,11/3,7,5.5084,3.4081,F,blocked late,65.431,64.96,68.527,9.273,9.233,8.297,19.767,EB
AZ228,AZ,12,AZ12,10/27,11/4,8,5.6498,3.7605,F,,36.423,35.75,40.596,10.156,9.61,9.168,19.39,AC
AZ229,AZ,12,AZ12,10/27,11/3,7,4.9441,3.1715,M,,62.309,61.748,64.263,7.31,7.145,6.479,21.855,AC
AZ230,AZ,12,AZ12,10/28,11/5,8,7.1104,4.1606,F,,37.425,32.678,36.961,9.703,7.185,7.567,21.815,AC
AZ231,AZ,12,AZ12,10/28,11/5,8,5.2916,3.5702,F,,73.716,73.655,76.941,7.567,7.639,6.78,21.361,AC
AZ232,AZ,12,AZ12,10/28,11/5,8,5.1268,3.7885,F,,71.787,71.036,73.613,7.742,7.783,6.857,21.217,AC
AZ233,AZ,12,AZ12,10/28,11/5,8,6.3651,3.9877,F,,68.429,68.126,70.848,7.462,7.422,6.559,21.578,AC
AZ234,AZ,12,AZ12,10/28,11/5,8,4.8565,3.1571,M,,51.746,50.182,54.462,7.915,7.381,7.225,21.619,AC
AZ235,AZ,12,AZ12,10/28,11/5,8,3.7342,2.6323,M,,56.764,56.054,60.335,9.376,9.379,8.638,19.621,AC
AZ236,AZ,12,AZ12,10/28,11/5,8,5.0845,3.7663,F,,44.121,40.294,44.86,9.09,7.835,7.899,21.165,AC
AZ237,AZ,12,AZ12,10/29,11/6,8,6.6473,3.2873,M,,40.633,39.572,43.234,10.077,9.447,8.926,19.553,AC
AZ238,AZ,12,AZ12,10/29,11/5,7,5.6932,3.1992,M,,64.293,62.177,66.012,9.534,9.222,8.995,19.778,AC
AZ239,AZ,12,AZ12,10/29,11/5,7,6.5968,3.7255,F,,77.443,77.607,80.272,6.868,7.048,6.409,21.952,AC
AZ240,AZ,12,AZ12,10/29,11/6,8,6.6473,4.0024,F,,65.688,64.003,67.741,8.245,8.065,7.582,20.935,AC
AZ241,AZ,12,AZ12,10/29,11/5,7,7.4916,4.3988,F,,78.922,79.486,82.735,7.81,8.108,7.189,20.892,AC
AZ242,AZ,12,AZ12,10/29,11/5,7,5.4149,3.1684,F,,60.682,59.818,63.391,8.718,8.756,8.047,20.244,AC
AZ243,AZ,12,AZ12,10/29,11/4,6,4.3213,2.682,M,,74.583,74.833,77.463,6.389,6.698,5.842,22.302,AC
AZ244,AZ,12,AZ12,10/29,11/5,7,7.3477,3.7705,F,,47.063,44.219,47.018,10.456,9.536,8.542,19.464,AC
AZ245,AZ,12,AZ12,10/29,11/7,9,4.5762,2.6588,M,,58.572,58.554,61.703,8.921,8.813,7.936,20.187,AC
AZ246,AZ,12,AZ12,10/29,11/5,7,6.112,3.1589,M,,66.394,65.348,68.291,8.884,8.831,8.089,20.169,AC
AZ247,AZ,12,AZ12,10/29,11/6,8,5.7478,2.957,M,,60.915,60.432,63.586,8.69,8.533,7.568,20.467,AC
AZ248,AZ,12,AZ12,10/29,11/5,7,5.2231,3.8122,F,,57.591,57.278,61.146,8.954,8.795,8.034,20.205,AC
AZ249,AZ,12,AZ12,10/29,11/5,7,6.0394,3.7857,M,,71.623,71.542,75.595,8.403,8.501,7.698,20.499,AC
AZ250,AZ,12,AZ12,10/29,11/5,7,5.561,3.2453,M,,59.872,58.769,61.678,8.993,8.965,7.982,20.035,AC
AZ251,AZ,12,AZ12,10/29,11/5,7,6.2603,2.9292,M,,61.269,60.367,63.716,7.971,7.762,7.056,21.238,AC
AZ252,AZ,12,AZ12,10/30,11/6,7,5.202,,,severe deformity,73.386,73.518,76.461,7.672,7.73,7.001,21.27,AC
AZ253,AZ,12,AZ12,10/30,11/6,7,5.6417,3.0737,F,,42.467,41.114,46.134,12.863,12.23,11.846,16.77,AC
AZ254,AZ,12,AZ12,10/30,11/7,8,4.6349,2.5188,M,,34.248,27.119,32.949,14.115,11.39,11.531,17.61,AC
AZ301,AZ,14,AZ14,10/14,10/21,7,3.6349,2.2474,M,,39.548,39.545,44.236,13.608,13.236,12.672,15.764,AC
AZ302,AZ,14,AZ14,10/15,10/23,8,4.3456,2.4216,M,,31.419,30.205,33.438,14.253,13.969,13.197,15.031,AC
AZ303,AZ,14,AZ14,10/17,10/23,6,,3.1207,F,,25.85,18.942,22.149,16.147,12.858,12.214,16.142,AC
AZ304,AZ,14,AZ14,10/18,10/24,6,4.7282,2.7983,M,,14.517,7.564,9.275,18.462,11.967,12.013,17.033,AC
AZ305,AZ,14,AZ14,10/18,10/24,6,4.2299,,,did not pupate,26.741,25.467,29.645,9.474,8.719,8.786,20.281,AC
AZ306,AZ,14,AZ14,10/18,10/25,7,4.8261,3.2621,F,,27.129,26.908,29.868,10.831,10.688,9.779,18.312,AC
AZ307,AZ,14,AZ14,10/18,10/24,6,3.9483,2.5713,M,,15.221,14.031,16.699,13.028,12.407,11.87,16.593,AC
AZ308,AZ,14,AZ14,10/18,10/24,6,5.6583,3.9533,F,,25.154,21.821,25.32,12.059,10.511,10.427,18.489,AC
AZ309,AZ,14,AZ14,10/19,10/26,7,4.2309,2.6263,M,,21.512,15.621,18.155,14.147,9.791,9.632,19.209,AC
AZ310,AZ,14,AZ14,10/19,10/26,7,4.7979,3.5831,F,,67.492,67.008,70.116,8.847,8.486,7.474,20.514,AC
AZ311,AZ,14,AZ14,10/19,10/26,7,4.1295,2.5289,M,,23.25,20.032,24.489,12.688,10.452,10.765,18.548,AC
AZ312,AZ,14,AZ14,10/19,10/26,7,4.4416,3.5591,F,,19.035,18.665,21.066,13.65,13.285,12.284,15.715,AC
AZ313,AZ,14,AZ14,10/19,10/26,7,3.973,3.915,F,,30.405,29.792,35.163,9.947,9.366,9.568,19.634,AC
AZ314,AZ,14,AZ14,10/20,10/27,7,4.046,3.1841,M,,11.004,8.26,10.205,15.655,12.145,12.309,16.855,AC
AZ315,AZ,14,AZ14,10/20,10/27,7,4.618,4.4488,F,,33.469,30.106,36.92,12.488,11.021,11.478,17.979,AC
AZ316,AZ,14,AZ14,10/21,10/27,6,4.4457,2.4672,M,,57.448,57.364,61.856,9.831,9.713,9.18,19.287,AC
AZ317,AZ,14,AZ14,10/21,10/27,6,4.5935,2.8265,M,,32.046,22.804,30.414,14.893,10.836,12.345,18.164,AC
AZ318,AZ,14,AZ14,10/21,10/28,7,4.0516,3.6506,F,,30.256,28.728,34.053,11.823,10.66,10.657,18.34,AC
AZ319,AZ,14,AZ14,10/22,10/28,6,4.6349,2.8382,M,,21.037,19.426,23.912,14.237,13.609,13.219,15.391,AC
AZ320,AZ,14,AZ14,10/22,10/29,7,4.5009,3.1572,M,,61.123,57.44,64.666,10.011,9.148,9.001,19.852,AC
AZ321,AZ,14,AZ14,10/22,10/29,7,4.1801,2.8805,M,,7.966,7.644,9.505,12.684,12.514,12.086,16.486,AC
AZ322,AZ,14,AZ14,10/23,10/29,6,5.1469,,,severe deformity,26.961,23.566,27.848,10.802,8.397,9.042,20.603,AC
AZ323,AZ,14,AZ14,10/23,10/30,7,7.124,3.9369,F,,18.164,6.772,10.957,22.691,19.061,20.099,9.939,AC
AZ324,AZ,14,AZ14,10/26,11/1,6,4.899,2.6795,M,,22.151,21.077,24.125,13.17,12.635,11.719,16.365,AC
AZ325,AZ,14,AZ14,10/26,11/2,7,5.8226,3.4934,M,,8.564,8.152,9.415,11.451,10.623,10.181,18.377,AC
AZ326,AZ,14,AZ14,10/26,11/2,7,4.7946,2.7092,M,,22.047,18.978,21.994,11.598,9.455,9.545,19.545,AC
AZ327,AZ,14,AZ14,10/27,11/2,6,5.908,3.2731,M,,16.528,14.939,18.525,12.568,10.881,11.333,18.119,AC
AZ328,AZ,14,AZ14,10/27,11/2,6,5.608,2.9842,M,,14.091,10.289,10.88,11.93,9.409,12.118,19.591,AC
AZ329,AZ,14,AZ14,10/27,,,5.5781,,,died as larva,42.493,38.531,47.955,10.936,8.976,10.096,20.024,AC
AZ330,AZ,14,AZ14,10/27,11/3,7,5.4346,3.2011,M,,13.532,11.037,12.939,12.894,9.914,9.806,19.086,AC
AZ331,AZ,14,AZ14,10/27,11/4,8,6.2804,4.3538,F,,18.763,16.464,19.831,10.864,8.703,9.167,20.297,AC
AZ332,AZ,14,AZ14,10/27,11/2,6,4.8341,2.3021,M,,53.927,53.537,60.403,11.455,11.195,10.197,17.805,AC
AZ333,AZ,14,AZ14,10/27,11/6,10,6.652,4.0518,F,,19.685,9.879,11.847,17.736,9.314,9.76,19.686,AC
AZ334,AZ,14,AZ14,10/28,11/5,8,6.8281,3.6984,F,,17.799,16.351,19.919,11.081,10.144,10.218,18.856,AC
AZ335,AZ,14,AZ14,10/28,11/5,8,6.3527,4.1261,F,,25.95,15.299,20.963,16.985,10.478,12.084,18.522,AC
AZ336,AZ,14,AZ14,10/28,11/4,7,5.3103,3.3401,F,,40.371,39.346,42.087,8.782,8.491,7.818,20.509,AC
AZ337,AZ,14,AZ14,10/28,11/5,8,5.9193,3.4284,M,,15.665,10.97,13.002,14.614,10.097,10.346,18.903,AC
AZ338,AZ,14,AZ14,10/28,11/5,8,5.2674,3.3741,F,,37.544,36.303,42.966,9.204,8.361,8.723,20.639,AC
AZ339,AZ,14,AZ14,10/28,11/5,8,6.4023,,,did not pupate,37.093,29.66,37.831,12.116,9.062,10.587,19.938,AC
AZ340,AZ,14,AZ14,10/28,11/5,8,6.7289,4.2263,F,,26.509,20.487,25.44,12.852,9.18,10.075,19.82,AC
AZ341,AZ,14,AZ14,10/28,11/4,7,5.6914,3.1635,M,,50.914,49.066,54.469,7.784,6.91,7.19,22.09,AC
AZ342,AZ,14,AZ14,10/29,11/5,7,5.7283,3.2737,M,,44.298,39.355,44.102,11.561,10.349,10.026,18.651,AC
AZ343,AZ,14,AZ14,10/29,11/5,7,4.9839,2.9584,M,,27.911,23.217,27.782,13.59,11.398,11.417,17.602,AC
AZ344,AZ,14,AZ14,10/29,11/6,8,3.8285,,,severe deformity,20.417,18.165,21.601,13.677,11.891,11.64,17.109,AC
AZ345,AZ,14,AZ14,10/29,11/5,7,5.2642,3.1351,M,,66.206,55.345,61.623,9.545,7.143,7.727,21.857,AC
AZ346,AZ,14,AZ14,10/29,11/5,7,5.6482,3.1642,M,,53.064,50.92,55.751,8.548,8.091,7.977,20.909,AC
AZ347,AZ,14,AZ14,10/29,11/5,7,5.5355,2.9456,M,,22.557,18.733,18.605,10.797,4.569,6.69,24.431,AC
AZ348,AZ,14,AZ14,10/29,11/5,7,5.2234,2.9905,M,,13.687,12.906,15.842,15.393,14.864,14.516,14.136,AC
AZ349,AZ,14,AZ14,10/29,11/5,7,5.9051,3.434,M,,23.513,23.058,26.39,10.587,10.21,9.857,18.79,AC
AZ350,AZ,14,AZ14,10/29,11/5,7,4.4342,2.9751,F,,13.69,12.874,17.158,12.721,11.923,13.155,17.077,AC
AZ351,AZ,14,AZ14,10/29,11/5,7,5.4987,4.0062,F,,31.38,26.387,31.382,9.58,7.179,8.498,21.821,AC
AZ352,AZ,14,AZ14,10/30,11/5,6,5.715,3.2674,M,,51.975,50.209,54.193,8.784,8.276,7.854,20.724,AC
AZ353,AZ,14,AZ14,10/30,11/6,7,7.0423,3.8507,F,,36.115,32.771,38.047,9.952,8.208,8.644,20.792,AC
AZ354,AZ,14,AZ14,10/30,11/6,7,6.3661,3.9161,F,,13.581,10.909,13.559,14.315,11.861,11.968,17.139,AC
AZ401,AZ,16,AZ16,10/15,10/23,8,5.1042,3.6332,F,,9.225,8.755,10.273,14.738,14.369,13.749,14.631,AC
AZ402,AZ,16,AZ16,10/15,10/23,8,4.491,2.0707,M,,54.477,54.319,59.876,12.95,12.761,11.888,16.239,AC
AZ403,AZ,16,AZ16,10/15,10/23,8,6.2662,,,did not pupae,25.362,23.66,26.392,14.61,14.102,13.18,14.898,AC
AZ404,AZ,16,AZ16,10/16,10/23,7,5.6004,4.0083,F,,14.742,14.012,17.337,14.79,14.54,14.373,14.46,AC
AZ405,AZ,16,AZ16,10/18,10/25,7,5.4079,3.5613,F,,15.725,14.848,17.268,10.948,10.412,10.022,18.588,AC
AZ406,AZ,16,AZ16,10/18,10/24,6,4.4068,2.929,M,,6.517,5.63,7.274,14.956,13.278,13.118,15.722,AC
AZ407,AZ,16,AZ16,10/20,10/26,6,3.5562,3.0556,F,,4.383,4.545,6.126,18.857,18.063,17.218,10.937,AC
AZ408,AZ,16,AZ16,10/20,10/26,6,4.205,3.5587,F,,18.786,18.524,22.238,13.502,12.911,12.759,16.089,AC
AZ409,AZ,16,AZ16,10/20,10/27,7,6.0625,3.9506,F,,23.322,23.215,26.47,11.351,10.756,10.368,18.244,AC
AZ410,AZ,16,AZ16,10/20,10/28,8,3.6107,2.787,F,,40.341,34.373,39.418,12.297,10.154,10.064,18.846,AC
AZ411,AZ,16,AZ16,10/21,10/28,7,4.0645,2.2937,M,,25.64,25.452,29.301,11.639,11.338,10.246,17.662,AC
AZ412,AZ,16,AZ16,10/22,10/28,6,3.8247,2.3656,M,,10.976,10.836,14.334,12.972,12.484,12.391,16.516,AC
AZ413,AZ,16,AZ16,10/22,10/29,7,4.1582,2.6944,M,,22.647,18.328,24.516,14.15,11.482,12.958,17.518,AC
AZ414,AZ,16,AZ16,10/22,10/29,7,4.6529,3.7192,M,,6.166,6.126,7.096,12.578,12.052,11.09,16.948,AC
AZ415,AZ,16,AZ16,10/22,10/29,7,4.349,,,severed deformity,28.694,29.123,34.606,10.18,10.082,9.959,18.918,AC
AZ416,AZ,16,AZ16,10/25,11/1,7,7.4269,3.7387,F,,12.528,6.524,7.353,18.173,11.437,10.9,17.563,AC
AZ417,AZ,16,AZ16,10/26,10/31,5,5.7487,3.202,M,,14.502,10.802,12.686,13.639,9.945,9.982,19.055,AC
AZ418,AZ,16,AZ16,10/26,10/30,4,5.7389,3.8484,F,,55.184,53.437,59.33,10.702,10.345,9.635,18.655,AC
AZ419,AZ,16,AZ16,10/26,11/2,7,4.8661,3.062,M,,13.616,10.599,13.047,13.314,9.95,10.418,19.05,AC
AZ420,AZ,16,AZ16,10/26,11/2,7,6.0904,3.9058,F,,32.974,22.313,27.387,14.767,9.458,10.327,19.542,AC
AZ421,AZ,16,AZ16,10/27,11/2,6,7.4698,4.5884,F,,13.129,3.391,7.248,23.241,14.674,18.389,14.326,AC
AZ422,AZ,16,AZ16,10/27,,,5.7707,,,larva escaped!,28.364,22.166,28.488,12.777,9.393,10.364,19.607,AC
AZ423,AZ,16,AZ16,10/27,11/3,7,7.074,4.4562,F,,6.896,4.524,5.767,17.604,13.253,13.073,15.747,AC
AZ424A,AZ,16,AZ16,10/27,11/2,6,5.4066,3.4314,M,,10.41,7.602,9.904,15.958,11.992,11.951,17.008,AC
AZ424B,AZ,16,AZ16,10/27,11/2,6,4.7181,3.1551,M,,9.459,9.012,10.744,13.951,13.604,11.994,15.396,AC
AZ425,AZ,16,AZ16,10/27,11/3,,4.872,3.2132,M,,13.106,12.565,14.802,11.375,10.827,10.151,18.173,AC
AZ426,AZ,16,AZ16,10/27,11/2,6,5.8532,3.2657,M,,23.729,20.994,24.167,11.334,9.196,8.951,19.804,AC
AZ427,AZ,16,AZ16,10/28,11/3,6,4.6724,2.7294,M,,16.466,15.154,18.79,12.101,11.12,11.38,17.88,AC
AZ428,AZ,16,AZ16,10/28,11/4,7,5.1517,2.8444,M,,24.54,22.181,28.877,12.565,11.129,11.534,17.871,AC
AZ429,AZ,16,AZ16,10/28,11/5,8,4.5818,,,did not pupate,5.714,4.194,6.03,17.357,13.18,13.884,15.82,AC
AZ430,AZ,16,AZ16,10/28,11/5,8,4.1798,2.4284,M,,6.079,4.474,6.73,18.275,15.44,15.922,13.56,AC
AZ431,AZ,16,AZ16,10/28,11/5,8,5.6866,3.2172,F,,15.274,10.1,11.927,15.164,9.838,9.887,19.162,AC
AZ432,AZ,16,AZ16,10/28,11/6,9,7.395,4.267,F,,10.609,6.299,7.558,17.315,11.849,12.027,17.151,AC
AZ433,AZ,16,AZ16,10/28,11/5,8,6.0392,3.8476,F,,17.016,7.302,8.656,19.152,9.729,10.183,19.271,AC
AZ434,AZ,16,AZ16,10/28,11/5,8,6.532,3.8186,F,,22.487,7.761,9.862,20.363,10.236,11.442,18.764,AC
AZ435,AZ,16,AZ16,10/28,11/5,8,5.2717,3.316,F,,33.547,12.391,29.519,22.235,15.823,20.46,13.177,AC
AZ436,AZ,16,AZ16,10/28,11/6,9,7.8295,5.4472,F,,15.623,8.118,10.858,18.622,11.045,12.408,17.955,AC
AZ437,AZ,16,AZ16,10/28,11/5,8,4.4958,2.6399,M,,9.598,7.532,9.548,13.569,10.28,10.78,18.72,AC
AZ438,AZ,16,AZ16,10/29,11/5,7,7.0173,3.9562,F,,8.328,6.861,9.144,14.584,11.488,12.534,17.512,AC
AZ439,AZ,16,AZ16,10/29,11/5,7,5.9605,2.8387,M,,16.263,6.329,7.776,19.716,9.635,10.872,19.365,AC
AZ440,AZ,16,AZ16,10/29,11/6,8,5.5627,2.9915,M,,13.769,6.705,8.28,19.465,13.776,14.176,15.224,AC
AZ441,AZ,16,AZ16,10/29,11/5,7,6.8475,3.7026,F,,8.503,6.748,9.746,15.747,13.206,14.76,15.794,AC
AZ442,AZ,16,AZ16,10/29,11/5,7,5.6879,3.8117,F,,28.083,23.382,28.435,11.763,9.408,10.15,19.592,AC
AZ443,AZ,16,AZ16,10/29,11/5,7,6.8536,3.062,M,,14.493,5.97,7.735,20.646,12.72,13.247,16.28,AC
AZ444,AZ,16,AZ16,10/29,11/5,7,6.1509,3.5665,M,,9.122,6.316,7.571,15.249,11.128,11.434,17.872,AC
AZ445,AZ,16,AZ16,10/29,11/6,8,5.4101,2.9779,M,,11.604,9.406,11.008,13.376,11.194,10.976,17.806,AC
AZ446,AZ,16,AZ16,10/29,11/5,7,5.0314,3.0089,M,,5.123,5.107,6.197,11.688,11.354,11.052,17.646,AC
AZ447,AZ,16,AZ16,10/29,11/6,8,5.496,3.8169,F,,7.855,6.344,8.74,14.31,11.737,13.041,17.263,AC
AZ448,AZ,16,AZ16,10/29,11/6,8,4.9673,3.4369,F,,15.883,4.808,6.262,22.285,13.646,13.853,15.354,AC
AZ449,AZ,16,AZ16,10/29,11/6,8,6.9796,4.4549,F,,12.497,8.14,9.515,15.319,9.972,10.294,19.028,AC
AZ450,AZ,16,AZ16,10/30,11/7,8,8.6028,5.4052,F,,17.343,8.286,11.983,19.414,11.504,13.708,17.496,AC
AZ451,AZ,16,AZ16,10/30,11/6,7,6.2692,4.1239,F,,25.061,9.689,17.108,20.394,11.688,15.968,17.312,AC
AZ452,AZ,16,AZ16,10/30,11/6,7,7.4639,4.3652,F,,7.287,4.189,5.463,17.884,11.232,11.54,17.768,AC
AZ453,AZ,16,AZ16,10/30,11/7,8,7.5974,4.2403,F,,33.541,9.33,14.904,21.089,8.515,13.358,20.485,AC
AZ454,AZ,16,AZ16,10/30,11/6,7,7.4156,4.0454,F,,17.247,9.124,13.823,18.016,10.446,13.38,18.554,AC
CO101,CO,10,CO10,10/14,10/21,7,3.8133,2.3713,M,,59.096,60.026,63.19,11.878,11.457,10.181,17.543,AC
CO102,CO,10,CO10,10/14,10/21,7,4.0088,2.6587,M,,63.058,63.388,65.936,11.716,11.421,10.276,17.579,AC
CO103,CO,10,CO10,10/15,10/22,7,4.7396,3.6815,M,,62.983,62.68,65.721,11.612,11.405,9.85,17.595,AC
CO104,CO,10,CO10,10/15,10/21,6,3.9838,2.6038,M,,38.022,38.558,42.258,14.374,13.783,12.531,15.217,AC
CO105,CO,10,CO10,10/15,10/22,7,3.3677,2.3954,M,,49.949,50.387,54.11,10.516,10.086,8.7,18.914,AC
CO106,CO,10,CO10,10/15,10/22,7,5.9871,3.2207,F,,53.626,53.938,57.742,11.81,11.575,10.33,17.425,AC
CO107,CO,10,CO10,10/15,10/22,7,3.1865,,,did not pupate,53.642,53.23,58.752,13.403,12.97,12.015,16.03,AC
CO108,CO,10,CO10,10/15,10/22,7,3.4786,2.6653,M,,60.983,62.053,65.383,11.992,11.748,10.388,17.252,AC
CO109,CO,10,CO10,10/15,10/23,8,3.2325,2.8254,M,,49.501,51.293,56.86,12.383,11.986,10.829,17.014,AC
CO110,CO,10,CO10,10/15,10/22,7,3.9415,2.4201,F,,56.637,57.547,60.86,12.218,11.681,10.341,17.319,AC
CO111,CO,10,CO10,10/15,10/22,7,4.6026,3.5961,F,,55.592,55.552,59.247,10.846,10.596,9.498,18.404,AC
CO112,CO,10,CO10,10/16,10/23,7,4.9088,3.5107,F,,33.899,33.753,36.817,12.453,11.972,10.764,17.028,AC
CO113,CO,10,CO10,10/16,10/23,7,4.4305,3.4953,F,,57.754,58.387,61.739,11.806,11.626,10.52,17.374,AC
CO114,CO,10,CO10,10/17,10/23,6,2.9864,,,Not sure what happened to this pupa,40.556,41.6,46.914,13.233,12.333,10.931,16.667,AC
CO115,CO,10,CO10,10/17,10/25,8,2.6196,2.6805,M,,60.491,61.405,65.159,10.258,9.632,8.268,19.368,AC
CO116,CO,10,CO10,10/19,10/26,7,4.1099,3.1728,F,,68.637,69.073,71.819,8.865,8.351,6.873,20.649,AC
CO117,CO,10,CO10,10/19,10/26,7,4.075,2.6476,F,,76.575,76.933,78.395,7.868,7.45,6.386,21.55,AC
CO118,CO,10,CO10,10/22,10/28,6,5.0877,3.3066,F,,54.388,53.706,60.847,11.218,10.798,10.181,18.202,AC
CO119,CO,10,CO10,10/20,10/27,7,2.9009,2.4852,M,,23.703,24.082,28.405,11.88,11.167,10.086,17.833,AC
CO120,CO,10,CO10,10/20,10/27,7,3.6715,2.2057,M,Photo one day late,43.721,42.518,47.471,8.37,7.575,7.067,21.425,AC
CO121,CO,10,CO10,10/20,10/27,7,3.2468,2.0216,M,Photo one day late,64.818,63.697,67.533,10.212,9.781,8.752,19.219,AC
CO122,CO,10,CO10,10/20,10/27,7,3.4495,2.3079,M,Photo one day late,57.795,58.189,62.949,9.739,9.281,8.148,19.719,AC
CO123,CO,10,CO10,10/21,10/29,8,3.5455,3.2187,F,,51.654,51.703,57.839,8.095,7.619,7.41,21.381,AC
CO124,CO,10,CO10,10/21,10/28,7,4.026,3.3014,M,,36.397,35.795,42.615,13.199,12.836,11.847,16.164,AC
CO125,CO,10,CO10,10/22,10/29,7,4.6904,3.0893,M,,39.326,38.878,44.311,11.925,11.49,10.493,17.51,AC
CO126,CO,10,CO10,10/22,10/28,6,4.553,2.7052,M,,55.42,55.712,60.05,8.364,7.982,7.234,21.018,AC
CO127,CO,10,CO10,10/22,10/28,6,3.3334,2.5055,M,,59.19,57.027,62.838,10.621,10.011,9.422,18.989,AC
CO128,CO,10,CO10,10/22,10/29,7,4.7058,3.7764,F,,55.206,54.208,58.079,7.586,7.134,6.415,21.866,EB
CO129,CO,10,CO10,10/23,10/29,6,5.3849,3.496,F,,13.264,11.795,14.881,13.963,12.022,11.669,16.978,EB
CO130,CO,10,CO10,10/23,10/31,8,5.246,3.7403,F,,39.729,37.557,42.389,9.07,7.734,7.76,21.266,EB
CO131,CO,10,CO10,10/23,10/30,7,4.8283,2.8737,M,,46.138,45.15,48.424,8.827,8.098,7.702,20.902,EB
CO132,CO,10,CO10,10/23,10/30,7,3.8269,2.7244,M,,45.04,44.92,48.94,11.746,10.921,10.083,18.079,EB
CO133,CO,10,CO10,10/23,10/31,8,3.4032,2.6877,F,,32.282,32.787,36.083,8.85,8.173,7.614,20.827,EB
CO134,CO,10,CO10,10/23,10/30,7,5.0898,3.3936,F,,37.433,37.089,40.068,9.369,8.647,7.564,20.353,EB
CO135,CO,10,CO10,10/23,10/30,7,4.026,3.2393,F,,51.621,51.761,56.444,8.671,7.93,7.178,21.07,EB
CO136,CO,10,CO10,10/24,10/31,7,4.6142,,,did not pupate,55.393,54.611,58.117,7.165,6.891,5.98,22.109,EB
CO137,CO,10,CO10,10/24,10/30,6,3.6169,,,severe deformity,61.106,56.571,61.898,8.632,7.031,6.796,21.969,EB
CO138,CO,10,CO10,10/24,10/31,7,4.8239,3.3924,F,,37.449,34.27,43.305,12.052,10.792,11.936,18.208,EB
CO139,CO,10,CO10,10/24,10/31,7,4.3433,2.5911,M,,50.976,50.429,54.265,8.356,7.927,7.068,21.073,EB
CO140,CO,10,CO10,10/24,11/1,8,3.7651,3.0723,F,,42.515,39.705,47.52,9.234,7.762,8.355,21.238,EB
CO141,CO,10,CO10,10/25,10/31,6,4.8579,2.9864,M,57.795,61.922,53.668,62.465,8.111,5.342,6.772,23.658,EB
CO142,CO,10,CO10,10/25,11/2,8,6.4804,4.1467,F,,51.765,49.372,56.252,7.808,6.453,7.121,22.547,EB
CO143,CO,10,CO10,10/25,11/4,10,2.961,,,"photo one day late, did not pupate",37.915,38.132,41.686,8.563,7.854,6.666,21.146,EB
CO144,CO,10,CO10,10/26,11/2,7,5.0983,3.0059,F,,51.081,49.583,52.985,7.465,6.729,5.759,22.271,EB
CO145,CO,10,CO10,10/26,11/2,7,3.1244,1.4778,M,"severe deformity, exclude pupal mass",36.611,36.127,41.349,10.326,9.242,8.888,19.758,EB
CO146,CO,10,CO10,10/26,11/1,6,5.6651,3.2765,F,,42.792,38.773,43.271,8.629,7.058,7.287,21.942,EB
CO147,CO,10,CO10,10/27,11/2,6,4.108,2.4645,M,,31.595,29.068,35.05,10.668,9.013,9.82,19.987,EB
CO148,CO,10,CO10,10/27,11/4,8,5.8808,3.9467,F,,23.692,23.502,27.259,12.501,11.753,10.866,17.247,EB
CO149,CO,10,CO10,10/27,11/2,6,4.5291,2.8551,M,,71.016,71.531,75.393,9.514,8.983,7.83,20.017,EB
CO150,CO,10,CO10,10/27,11/4,8,5.1699,4.0248,F,,46.487,42.807,51.942,9.557,7.878,8.868,21.122,EB
CO151,CO,10,CO10,10/28,11/4,7,3.9279,,,did not pupate,51.375,51.811,56.798,8.289,7.822,6.817,21.178,EB
CO152,CO,10,CO10,10/28,11/4,7,4.7272,2.9209,M,,41.599,37.028,47.929,12.462,10.594,11.744,18.406,EB
CO153,CO,10,CO10,10/28,11/4,7,4.161,2.521,M,,46.86,45.061,49.139,8.351,7.641,6.88,21.359,EB
CO154,CO,10,CO10,10/29,11/6,8,3.187,,,severe deformity,57.713,56.985,61.79,8.71,8.24,7.471,20.76,EB
CO201,CO,12,CO12,10/14,10/22,8,5.1504,2.9083,F,,44.605,44.533,47.459,12.493,12.206,10.764,16.794,AC
CO202,CO,12,CO12,10/15,10/22,7,5.2117,3.4684,F,,50.02,50.617,56.862,13.669,13.12,12.002,15.88,AC
CO203,CO,12,CO12,10/15,10/23,8,4.8801,3.8128,F,,68.66,69.089,73.917,12.004,12.043,11.35,16.957,AC
CO204,CO,12,CO12,10/15,10/22,7,4.5074,2.7369,M,,65.12,65.237,68.932,12.986,12.694,11.436,16.306,AC
CO205,CO,12,CO12,10/15,10/22,7,4.3402,2.5378,M,,59.672,60.433,65.161,12.929,12.75,11.819,16.25,AC
CO206,CO,12,CO12,10/15,10/22,7,2.8984,2.3999,M,,56.472,57.16,62.004,13.103,12.746,11.843,16.254,AC
CO207,CO,12,CO12,10/15,10/22,7,5.4774,3.0932,F,,63.881,64.542,70.231,13.631,13.438,12.399,15.562,AC
CO208,CO,12,CO12,10/15,10/21,6,4.5079,2.7057,F,,61.352,61.375,64.464,11.685,11.462,10.213,17.538,AC
CO209,CO,12,CO12,10/15,10/23,8,3.3831,2.5897,M,,64.137,64.875,68.584,11.616,11.33,10.297,17.67,AC
CO210,CO,12,CO12,10/15,10/23,8,6.5644,4.0069,F,,71.847,71.881,75.49,9.339,9.482,8.494,19.518,AC
CO211,CO,12,CO12,10/16,10/23,7,3.5814,2.6391,M,,59.683,60.176,63.996,11.983,11.901,10.842,17.099,AC
CO212,CO,12,CO12,10/16,10/23,7,3.8016,3.4037,F,,70.66,71.224,74.354,11.179,11.17,9.996,17.83,AC
CO213,CO,12,CO12,10/16,10/23,7,2.7396,2.3313,M,,54.43,55.367,60.628,13.677,13.39,12.424,15.61,AC
CO214,CO,12,CO12,10/17,10/25,8,4.9603,3.2377,F,,30.944,30.44,35.324,12.746,12.096,10.467,16.904,AC
CO215,CO,12,CO12,10/18,10/27,9,3.3429,2.4175,F,photo one day late,55.059,55.933,59.414,12.442,11.704,9.815,17.296,AC
CO216,CO,12,CO12,10/19,10/25,6,4.4977,2.9353,F,,41.762,42.298,45.829,12.054,11.484,10.173,17.516,AC
CO217,CO,12,CO12,10/19,10/27,8,2.8022,2.9425,F,,18.034,18.225,23.047,13.309,12.511,12.116,16.489,AC
CO218,CO,12,CO12,10/20,10/27,7,3.0498,,,severe deformity,57.01,57.289,60.797,9.648,8.91,7.545,20.09,AC
CO219,CO,12,CO12,10/21,10/28,7,4.606,3.3283,F,,19.019,17.178,22.509,11.618,9.613,11.029,19.387,AC
CO220,CO,12,CO12,10/22,10/28,6,3.5467,,,did not pupate,60.22,59.516,63.347,9.209,8.62,7.686,20.38,AC
CO221,CO,12,CO12,10/22,10/29,7,4.1305,2.7562,F,,36.149,35.32,40.67,11.311,10.795,9.95,18.205,AC
CO222,CO,12,CO12,10/22,10/29,7,5.3905,3.302,F,,34.191,32.953,36.242,9.64,9.252,8.048,19.748,AC
CO223,CO,12,CO12,10/22,10/29,7,5.5763,3.6451,F,,47.956,47.239,50.749,9.245,9.071,7.715,19.929,AC
CO224,CO,12,CO12,10/23,10/29,6,5.4776,3.5608,F,,10.698,9.721,12.214,12.132,11.144,10.933,17.856,AC
CO225,CO,12,CO12,10/23,10/29,6,5.5278,3.1417,M,,13.4,10.672,13.483,15.392,13.238,12.776,15.762,AC
CO226,CO,12,CO12,10/23,10/30,7,4.6759,3.1806,F,,43.758,42.054,47.934,11.78,11.037,10.478,17.963,AC
CO227,CO,12,CO12,10/23,10/30,7,4.4746,3.2703,F,,37.93,37.55,42.382,8.835,8.58,7.844,20.42,AC
CO228,CO,12,CO12,10/23,10/30,7,4.3645,2.7857,M,,41.332,40.854,45.687,8.979,8.581,8.031,20.419,EB
CO229,CO,12,CO12,10/23,10/30,7,4.2589,2.7428,M,,38.662,39.186,43.758,9.719,9.492,8.648,19.508,EB
CO230,CO,12,CO12,10/23,10/31,8,3.174,2.9279,F,,31.392,31.349,34.432,10.891,10.717,9.396,18.283,EB
CO231,CO,12,CO12,10/23,10/29,6,4.8608,3.2163,M,,38.108,37.552,39.799,9.185,9.111,7.655,19.889,EB
CO232,CO,12,CO12,10/23,10/29,6,3.4689,2.2487,M,,47.167,46.786,50.368,9.028,8.872,7.649,20.128,EB
CO233,CO,12,CO12,10/23,10/30,7,5.635,3.7099,F,,28.306,26.754,30.495,10.082,9.25,8.875,19.75,EB
CO234,CO,12,CO12,10/23,10/30,7,3.7365,2.4139,M,,60.605,60.404,63.322,9.006,8.937,7.591,20.063,EB
CO235,CO,12,CO12,10/23,10/29,6,5.8659,3.4965,F,,23.846,16.762,29.103,15.619,11.303,15.202,17.697,EB
CO236,CO,12,CO12,10/24,10/31,7,5.2104,3.2559,M,,10.413,8.991,13.185,14.55,12.628,14.261,16.372,EB
CO237,CO,12,CO12,10/24,10/31,7,4.0675,2.6799,M,,48.643,47.534,52.386,7.458,6.956,9.169,22.044,EB
CO238,CO,12,CO12,10/25,10/31,6,5.9451,,,severe deformity,56.608,55.25,60.432,9.326,8.7889,8.217,20.2111,EB
CO239,CO,12,CO12,10/25,10/31,6,6.5997,4.0631,F,,7.991,7.252,9.899,13.644,12.149,12.711,16.851,EB
CO240,CO,12,CO12,10/25,10/31,6,3.9503,2.57567,M,,31.636,23.927,31.447,15.23,12.073,12.728,16.927,EB
CO241,CO,12,CO12,10/25,10/31,6,3.2908,1.9345,M,,41.967,37.981,43.35,11.0445,9.484,9.237,19.516,EB
CO242,CO,12,CO12,10/25,10/31,6,5.4698,2.8294,M,,57.541,50.681,57.816,7.709,5.236,6.28,23.764,EB
CO243,CO,12,CO12,10/25,10/31,6,4.9845,2.976,M,,15.755,10.889,13.35,15.037,10.147,10.423,18.853,EB
CO244,CO,12,CO12,10/25,11/1,7,2.8832,1.9722,M,,61.873,60.344,64.483,7.171,6.631,5.866,22.369,EB
CO245,CO,12,CO12,10/25,11/1,7,3.0038,,,severe deformity,45.818,45.322,50.344,6.857,6.529,6.186,22.471,EB
CO246,CO,12,CO12,10/26,11/2,7,6.1808,3.9199,F,,19.194,16.091,21.485,13.002,10.335,11.188,18.665,EB
CO247,CO,12,CO12,10/27,,,5.5169,,,larva escaped,6.493,5.436,7.555,16.845,14.611,14.215,14.389,EB
CO249,CO,12,CO12,10/27,11/3,7,6.402,4.119,F,blocked late,22.679,21.58,23.882,9.861,8.701,7.655,20.299,EB
CO250,CO,12,CO12,10/27,11/3,7,3.7761,3.1932,F,blocked late,15.562,15.697,18.828,10.672,9.99,9.597,19.01,EB
CO251,CO,12,CO12,10/28,11/5,8,3.5997,2.8853,M,,25.573,23.801,27.966,9.8556,8.613,8.316,20.387,EB
CO252,CO,12,CO12,10/28,11/4,7,4.783,3.0298,F,,35.519,32.0778,39.909,9.294,7.146,8.904,21.854,EB
CO253,CO,12,CO12,10/29,11/6,8,4.9097,3.7423,F,,51.481,49.404,53.54,9.14,8.325,7.955,20.675,EB
CO254,CO,12,CO12,10/29,11/6,8,3.1352,2.4792,M,,49.635,47.809,52.865,9.508,8.817,8.115,20.183,EB
CO301,CO,14,CO14,10/15,10/22,7,4.5393,2.9411,M,,23.857,23.335,26.673,14.966,14.441,13.079,14.559,AC
CO302,CO,14,CO14,10/15,10/21,6,4.759,2.5269,M,,9.46,7.691,9.663,16.5,14.335,13.975,14.665,AC
CO303,CO,14,CO14,10/15,10/22,7,5.2637,3.8368,M,,34.289,32.915,37.017,11.771,11.143,10.514,17.857,AC
CO304,CO,14,CO14,10/15,10/22,7,4.0004,2.7543,M,,25.956,25.871,29.49,13.086,12.544,11.34,16.456,AC
CO305,CO,14,CO14,10/15,10/23,8,2.7701,2.2584,M,,51.015,52.825,59.823,14.244,14.14,13.239,14.86,AC
CO306,CO,14,CO14,10/16,10/24,8,4.9176,3.6338,F,,50.103,49.951,55.401,11.948,11.854,11.071,17.146,AC
CO307,CO,14,CO14,10/16,10/23,7,4.6031,3.8128,F,,16.206,15.275,19.845,17.382,16.902,16.225,12.098,AC
CO308,CO,14,CO14,10/16,10/24,8,4.6192,3.7109,F,,31.678,31.777,37.117,12.39,12.24,10.925,16.76,AC
CO309,CO,14,CO14,10/17,10/23,6,6.5022,3.5861,F,,14.943,13.705,17.019,12.869,11.664,11.482,17.336,AC
CO310,CO,14,CO14,10/17,10/24,7,5.1318,3.9718,F,,5.753,5.464,6.619,15.467,14.963,13.242,14.037,AC
CO311,CO,14,CO14,10/17,10/24,7,4.706,3.0074,M,,24.751,24.288,28.707,14.51,13.808,13.14,15.192,AC
CO312,CO,14,CO14,10/17,10/26,9,2.7135,2.9509,M,photo one day late,77.973,78.422,81.868,8.445,8.229,6.992,20.771,AC
CO313,CO,14,CO14,10/17,10/25,8,4.0294,3.2264,M,,37.153,37.757,41.727,11.136,10.492,9.519,18.508,AC
CO314,CO,14,CO14,10/19,10/27,8,3.5505,2.6763,F,,26.764,27.726,33.934,12.044,11.064,10.81,17.936,AC
CO315,CO,14,CO14,10/22,10/28,6,3.4018,2.1838,M,,5.015,4.73,6.554,14.714,13.918,13.15,15.082,AC
CO316,CO,14,CO14,10/22,10/29,7,4.4327,3.0252,M,,15.103,14.056,16.26,9.461,8.459,7.893,20.541,AC
CO317,CO,14,CO14,10/22,11/1,10,3.7001,3.9612,F,photo one day late,56.067,53.446,73.772,10.698,9.494,11.469,19.506,AC
CO318,CO,14,CO14,10/23,10/28,5,5.8861,3.6942,F,,14.078,8.73,11.465,16.328,10.3,11.195,18.7,AC
CO319,CO,14,CO14,10/23,11/1,9,2.1608,1.0638,M,photo one day late,64.119,64.405,69.105,11.865,11.264,9.566,17.736,AC
CO320,CO,14,CO14,10/23,10/30,7,5.417,3.3403,F,,11.864,8.481,10.272,14.36,9.846,9.494,19.154,AC
CO321,CO,14,CO14,10/23,10/30,7,4.7759,3.4624,F,,11.328,11.115,13.597,12.594,12.071,11.54,16.929,AC
CO322,CO,14,CO14,10/23,10/30,7,3.3738,2.3234,M,,6.125,5.528,8.12,16.946,15.766,15.324,13.234,AC
CO323,CO,14,CO14,10/24,10/30,6,4.1949,2.6727,M,,36.901,36.638,41.075,10.317,10.009,8.902,18.991,AC
CO324,CO,14,CO14,10/24,10/30,6,6.2036,3.6601,F,,13.254,7.692,10.654,19.06,14.081,14.209,14.919,AC
CO325,CO,14,CO14,10/24,10/30,6,5.6242,3.4501,F,,21.074,18.111,17.776,9.338,5.225,7.621,23.775,AC
CO326,CO,14,CO14,10/24,10/31,7,4.463,3.2459,F,,16.365,9.491,12.59,16.365,12.556,13.02,16.444,AC
CO327,CO,14,CO14,10/25,10/31,6,5.1533,2.5911,M,,8.444,7.9,10.638,12.014,11.175,12.049,17.825,EB
CO328,CO,14,CO14,10/25,11/1,7,5.8463,3.8347,F,,15.393,10.726,16.721,16.002,11.371,14.196,17.629,EB
CO329,CO,14,CO14,10/25,11/1,7,6.5795,3.9068,F,,37.236,30.292,41.122,11.621,8.151,10.454,20.849,EB
CO330,CO,14,CO14,10/25,10/31,6,4.6525,2.7821,M,,7.747,5.988,8.935,16.102,12.981,14.19,16.019,EB
CO331,CO,14,CO14,10/25,10/31,6,7.0801,4.0049,F,,12.189,10.208,13.162,13.121,10.707,11.883,18.293,EB
CO332,CO,14,CO14,10/25,10/31,6,5.3109,3.0916,M,,21.331,9.34,13.176,18.702,10.753,13.049,18.247,EB
CO333,CO,14,CO14,10/25,11/1,7,4.1291,2.9947,M,,9.964,7.665,10.133,14.307,11.113,11.968,17.887,EB
CO334,CO,14,CO14,10/26,11/2,7,5.5087,4.0162,F,,8.602,7.784,10.84,13.124,11.358,11.806,17.642,EB
CO335,CO,14,CO14,10/26,11/2,7,5.1279,2.0682,F,severe deformity- exclude pupal mass?,14.439,11.603,15.068,12.916,9.57,10.238,19.43,EB
CO336,CO,14,CO14,10/26,11/2,7,5.0687,3.5001,F,,12.342,9.072,11.046,15.74,12.288,11.948,16.712,EB
CO337,CO,14,CO14,10/26,11/2,7,6.0653,4.2027,F,,47.413,31.215,48.135,18.391,16.125,17.294,12.875,EB
CO338,CO,14,CO14,10/26,11/2,7,4.5984,2.8373,M,,9.141,5.263,8.395,18.886,13.876,15.511,15.124,EB
CO339,CO,14,CO14,10/26,11/6,11,3.0801,,,"photo one day late, severe deformity",34.899,34.973,38.572,9.5,8.682,7.737,20.318,EB
CO340,CO,14,CO14,10/26,11/3,8,4.9439,2.9007,F,blocked late,23.226,10.007,14.651,18.972,9.845,12.087,19.155,EB
CO341,CO,14,CO14,10/26,11/2,7,3.2745,2.5183,M,small deformity,6.302,6.301,7.947,10.077,9.405,9.124,19.595,EB
CO342,CO,14,CO14,10/27,11/3,7,4.1347,,,already pupating- severe deformity,34.383,18.895,23.832,16.709,9.524,10.48,19.476,EB
CO343,CO,14,CO14,10/27,11/3,7,4.05,,,already pupating- severe deformity,23.445,17.669,22.824,13.078,9.013,9.738,19.987,EB
CO344,CO,14,CO14,10/27,11/4,8,6.0765,4.0245,F,,12.566,12.412,18.342,12.827,11.766,12.868,17.234,EB
CO345,CO,14,CO14,10/28,11/5,8,6.233,,,not sure what happened to this guy,16.684,8.847,14.669,19.365,12.806,15.39,16.194,EB
CO346,CO,14,CO14,10/28,11/4,7,5.0355,3.198,M,,15.549,7.331,10.415,19.073,10.794,12.825,18.206,EB
CO347,CO,14,CO14,10/28,11/3,6,4.739,1.8802,M,blocked late,12.232,9.771,12.867,13.138,9.913,11.05,19.087,EB
CO348,CO,14,CO14,10/29,11/4,6,4.2893,2.2803,M,,40.727,40.665,45.427,8.665,8.174,7.599,20.826,EB
CO349,CO,14,CO14,10/30,11/6,7,4.6795,3.0033,F,,17.173,4.668,7.756,23.077,17.113,17.37,11.887,EB
CO350,CO,14,CO14,10/31,11/11,11,2.6257,2.0898,M,"photo one day late, slight deformity",55.278,16.576,24.481,19.97,12.687,15.126,16.313,EB
CO351,CO,14,CO14,10/31,11/7,7,5.6481,3.6715,F,,29.572,30.379,36.606,10.899,10.463,10.923,18.537,EB
CO401,CO,16,CO16,10/15,10/22,7,4.2353,3.2001,,,38.465,36.989,43.265,14.705,14.289,13.403,14.711,AC
CO402,CO,16,CO16,10/15,10/23,8,2.3601,,,photo one day late,28.259,28.735,35.841,14.218,13.858,13.27,15.142,AC
CO403,CO,16,CO16,10/15,10/22,7,4.2408,2.8084,M,,19.226,18.615,17.604,5.322,4.956,7.074,24.044,AC
CO404,CO,16,CO16,10/15,10/22,7,4.1383,2.8991,M,,61.266,61.949,68.102,13.141,12.925,11.79,16.075,AC
CO405,CO,16,CO16,10/16,10/23,7,8.4545,5.1579,F,,10.939,9.853,12.393,13.684,12.474,12.199,16.526,AC
CO406,CO,16,CO16,10/16,10/23,7,6.4754,4.9034,F,,23.165,22.738,26.619,12.926,12.736,11.726,16.264,AC
CO407,CO,16,CO16,10/17,10/23,6,4.4241,3.0698,M,,22.06,20.912,24.317,13.438,12.598,11.369,16.402,AC
CO408,CO,16,CO16,10/17,10/23,6,5.213,3.3123,M,,31.616,31.379,39.647,15.043,14.358,14.08,14.642,AC
CO409,CO,16,CO16,10/17,10/24,7,5.2644,3.6434,F,,15.862,15.64,19.458,16.299,15.551,14.67,13.449,AC
CO410,CO,16,CO16,10/17,10/24,7,3.3253,,,severe deformity,8.146,8.272,10.231,14.833,13.885,12.67,15.115,AC
CO411,CO,16,CO16,10/17,10/24,7,5.4598,3.9052,F,,13.422,13.386,15.494,12.651,12.047,10.907,16.953,AC
CO412,CO,16,CO16,10/17,10/25,8,4.1025,3.8073,F,,2.788,2.738,3.669,18.121,17.53,15.911,11.47,AC
CO413,CO,16,CO16,10/17,10/24,7,3.363,2.6461,M,,16.822,15.829,19.735,15.464,14.438,14.006,14.562,AC
CO414,CO,16,CO16,10/17,10/25,8,3.1592,2.7156,M,,11.245,10.93,13.021,13.946,13.29,12.665,15.71,AC
CO415,CO,16,CO16,10/17,10/25,8,3.6652,2.7654,M,,10.681,10.314,12.66,14.25,13.41,12.675,15.59,AC
CO416,CO,16,CO16,10/18,10/25,7,3.6208,1.4393,M,,15.949,16.333,19.737,11.987,11.381,10.059,17.619,AC
CO417,CO,16,CO16,10/19,10/27,8,2.9667,2.4831,M,,14.36,13.331,17.211,12.609,11.015,11.246,17.985,AC
CO418,CO,16,CO16,10/21,10/28,7,4.2524,4.3068,F,,14.935,13.219,19.233,13.165,10.667,12.382,18.333,AC
CO419,CO,16,CO16,10/21,10/27,6,4.2271,3.2357,M,,5.157,4.94,6.49,15.304,14.206,13.38,14.794,AC
CO420,CO,16,CO16,10/22,10/29,7,5.2357,3.9379,F,,10.939,10.514,12.524,9.452,8.569,8.274,20.431,AC
CO421,CO,16,CO16,10/22,10/29,7,3.4028,2.7944,M,,14.732,9.025,11.369,17.234,12.119,12.303,16.881,AC
CO422,CO,16,CO16,10/22,10/29,7,4.0435,3.055,M,,5.376,4.624,6.35,17.4,16.16,14.814,12.84,AC
CO423,CO,16,CO16,10/22,10/30,8,5.1542,4.0597,F,,42.954,43.012,47.405,6.755,6.411,6.076,22.589,AC
CO424,CO,16,CO16,10/23,10/30,7,5.4362,3.8043,F,,4.722,4.463,5.715,13.774,12.749,12.033,16.251,AC
CO425,CO,16,CO16,10/23,10/29,6,4.9721,2.6972,M,,17.411,16.867,20.951,12.743,12.087,11.472,16.913,AC
CO426,CO,16,CO16,10/23,11/1,9,4.0206,2.3461,F,photo two days late,24.308,17.313,24.807,15.758,11.495,12.786,17.505,AC
CO427,CO,16,CO16,10/23,10/29,6,2.5759,1.8313,M,photo two days late,0.971,0.876,1.465,18.375,18.076,17.86,10.924,AC
CO428,CO,16,CO16,10/23,10/30,7,2.8067,2.115,M,,5.04,4.722,6.154,15.896,15.134,13.711,13.866,AC
CO429,CO,16,CO16,10/23,10/30,7,3.3156,2.6621,M,,2.324,2.29,3.347,18.004,17.256,16.288,11.744,AC
CO430,CO,16,CO16,10/24,10/31,7,6.6799,4.2113,F,,28.23,11.056,15.568,19.644,10.599,12.697,18.401,AC
CO431,CO,16,CO16,10/24,10/30,6,5.0593,2.9178,M,,9.288,8.226,10.067,14.195,12.744,11.67,16.256,AC
CO432,CO,16,CO16,10/24,10/30,6,5.9175,3.6317,F,,35.919,24.517,34.855,17.078,12.911,13.849,16.089,AC
CO433,CO,16,CO16,10/24,10/30,6,4.1497,2.4274,M,,10.507,10.001,13.416,13.754,12.958,12.9,16.042,AC
CO434,CO,16,CO16,10/25,10/31,6,7.3909,4.2702,F,,11.186,9.05,11.881,16.02,13.213,13.662,15.787,AC
CO435,CO,16,CO16,10/25,10/31,6,4.9133,3.0081,M,,36.521,14.61,29.475,19.586,12.307,17.23,16.693,AC
CO436,CO,16,CO16,10/25,10/31,6,6.1437,3.7511,F,,14.497,7.222,11.564,19.934,13.48,15.759,15.52,AC
CO437,CO,16,CO16,10/25,11/1,7,5.9251,3.391,F,,7.328,1.43,2.55,24.553,15.424,17.351,13.576,AC
CO438,CO,16,CO16,10/25,10/31,6,7.9803,4.377,F,,20.988,6.468,19.23,23.245,17.02,21.485,11.98,AC
CO440,CO,16,CO16,10/25,11/1,7,5.3,3.9114,F,,8.202,6.266,8.948,16.859,13.59,14.424,15.41,AC
CO441,CO,16,CO16,10/26,11/1,6,4.0304,2.5928,M,,16.204,10.91,14.868,15.478,10.794,11.975,18.206,AC
CO442,CO,16,CO16,10/26,11/2,7,3.345,2.4504,M,,2.643,1.433,2.457,22.095,19.155,18.875,9.845,AC
CO443,CO,16,CO16,10/26,11/3,8,4.7951,3.5344,F,,12.087,10.566,15.373,15.887,13.163,14.167,15.837,AC
CO444,CO,16,CO16,10/26,10/31,5,4.4306,2.6947,M,,19.163,10.615,13.648,19.079,12.675,12.87,16.325,AC
CO445,CO,16,CO16,10/26,11/2,7,4.564,1.6503,M,severe deformity- exclude from mass,10.874,6.302,7.989,18.951,13.967,13.645,15.033,AC
CO446,CO,16,CO16,10/27,11/4,8,3.5508,2.2928,M,,6.324,5.831,7.855,15.81,15.071,13.634,13.929,AC
CO447,CO,16,CO16,10/27,11/2,6,3.4736,2.2887,M,,7.466,7.322,9.753,14.621,13.85,12.928,15.15,AC
CO448,CO,16,CO16,10/28,11/2,5,4.7592,2.5445,M,,16.284,12.007,16.626,14.943,10.778,12.362,18.222,AC
CO449,CO,16,CO16,10/28,11/5,8,6.0169,3.7611,F,,42.012,10.059,13.197,21.31,13.475,14.141,15.525,AC
CO450,CO,16,CO16,10/28,11/2,5,5.5035,3.024,M,,23.327,19.908,24.328,13.75,11.7,11.567,17.3,AC
CO451,CO,16,CO16,10/28,11/4,7,4.8494,2.8674,M,,20.79,7.941,11.556,20.479,11.518,12.942,17.482,AC
CO452,CO,16,CO16,10/29,11/4,6,5.124,3.8305,F,,21.044,14.057,20.93,16.25,11.26,13.799,17.74,AC
CO453,CO,16,CO16,10/31,11/14,14,1.9357,,,"photo one day late, did not pupate",42.493,35.441,47.996,11.724,9.14,10.908,19.86,AC
CO454,CO,16,CO16,10/31,11/10,10,2.6435,2.6435,M,,45.206,8.148,18.666,22.226,17.841,20.608,11.159,AC